Unnamed: 0,id,name,localized_name,primary_attr,attack_type,roles,img,icon,base_health,base_health_regen,base_mana,base_mana_regen,base_armor,base_mr,base_attack_min,base_attack_max,base_str,base_agi,base_int,str_gain,agi_gain,int_gain,attack_range,projectile_speed,attack_rate,move_speed,turn_rate,cm_enabled,legs,hero_id,turbo_picks,turbo_wins,pro_ban,pro_win,pro_pick,1_pick,1_win,2_pick,2_win,3_pick,3_win,4_pick,4_win,5_pick,5_win,6_pick,6_win,7_pick,7_win,8_pick,8_win,winrate,lane,main_role
0,1,npc_dota_hero_antimage,Anti-Mage,agi,Melee,"['Carry', 'Escape', 'Nuker']",https://cdn.dota2.com/apps/dota2/images/heroes/antimage_full.png?,https://cdn.dota2.com/apps/dota2/images/heroes/antimage_icon.png,200,0.25,75,0.0,-1.0,25,29,33,23,24,12,1.3,2.8,1.8,150,0,1.4,310,0.5,True,2,1,41011,20928,251,35,75,21256,10599,46423,23286,65357,32742,64340,31923,40117,19911,17583,8610,7417,3591,1796,819,47.86714425,1,safelane
1,2,npc_dota_hero_axe,Axe,str,Melee,"['Initiator', 'Durable', 'Disabler', 'Jungler']",https://cdn.dota2.com/apps/dota2/images/heroes/axe_full.png?,https://cdn.dota2.com/apps/dota2/images/heroes/axe_icon.png,200,2.75,75,0.0,-1.0,25,27,31,25,20,18,3.4,2.2,1.6,150,900,1.7,310,0.6,True,2,2,36665,18693,38,24,53,20437,10517,41941,21475,54438,27331,49187,24690,29493,14622,12186,5964,4676,2272,951,469,48.71156922,3,offlane
2,3,npc_dota_hero_bane,Bane,int,Ranged,"['Support', 'Disabler', 'Nuker', 'Durable']",https://cdn.dota2.com/apps/dota2/images/heroes/bane_full.png?,https://cdn.dota2.com/apps/dota2/images/heroes/bane_icon.png,200,,75,0.0,1.0,25,35,41,22,22,22,2.6,2.6,2.6,400,900,1.7,305,0.6,True,4,3,7473,3365,6,21,29,2923,1331,6878,3302,10097,5001,10507,5243,7535,3872,3900,2044,1962,1030,750,399,52.69174041,5,hard_support
3,4,npc_dota_hero_bloodseeker,Bloodseeker,agi,Melee,"['Carry', 'Disabler', 'Jungler', 'Nuker', 'Initiator']",https://cdn.dota2.com/apps/dota2/images/heroes/bloodseeker_full.png?,https://cdn.dota2.com/apps/dota2/images/heroes/bloodseeker_icon.png,200,,75,0.0,2.0,25,35,41,24,22,17,2.7,3.4,2.0,150,900,1.7,300,0.5,True,2,4,26611,13564,179,74,145,13435,6938,20029,10295,21874,11329,19324,9930,11731,5956,5636,2828,2479,1219,855,428,49.40011998,1,safelane
4,5,npc_dota_hero_crystal_maiden,Crystal Maiden,int,Ranged,"['Support', 'Disabler', 'Nuker', 'Jungler']",https://cdn.dota2.com/apps/dota2/images/heroes/crystal_maiden_full.png?,https://cdn.dota2.com/apps/dota2/images/heroes/crystal_maiden_icon.png,200,,75,1.0,-1.0,25,28,34,18,16,16,2.2,1.6,3.3,600,900,1.7,280,0.5,True,2,5,39083,19546,43,70,163,22959,12188,47638,24825,64282,32711,62285,31449,38836,19476,17692,9025,7684,3865,2386,1156,49.86097319,5,hard_support
5,6,npc_dota_hero_drow_ranger,Drow Ranger,agi,Ranged,"['Carry', 'Disabler', 'Pusher']",https://cdn.dota2.com/apps/dota2/images/heroes/drow_ranger_full.png?,https://cdn.dota2.com/apps/dota2/images/heroes/drow_ranger_icon.png,200,0.25,75,0.0,0.0,25,29,36,18,20,15,1.9,2.9,1.4,625,1250,1.7,290,0.7,True,2,6,51526,25414,100,15,48,21558,10450,32597,15686,36362,17463,31100,15055,18254,8659,7342,3563,2523,1217,518,264,48.70108517,1,safelane
6,7,npc_dota_hero_earthshaker,Earthshaker,str,Melee,"['Support', 'Initiator', 'Disabler', 'Nuker']",https://cdn.dota2.com/apps/dota2/images/heroes/earthshaker_full.png?,https://cdn.dota2.com/apps/dota2/images/heroes/earthshaker_icon.png,200,1.0,75,0.0,2.0,25,27,37,22,12,16,3.7,1.4,1.8,150,0,1.7,310,0.9,True,2,7,47961,23585,217,183,326,16009,7979,39483,19503,61751,30836,65606,32608,44947,22628,20849,10561,8973,4622,2953,1527,51.55961764,4,support
7,8,npc_dota_hero_juggernaut,Juggernaut,agi,Melee,"['Carry', 'Pusher', 'Escape']",https://cdn.dota2.com/apps/dota2/images/heroes/juggernaut_full.png?,https://cdn.dota2.com/apps/dota2/images/heroes/juggernaut_icon.png,200,0.5,75,0.0,0.0,25,16,20,20,34,14,2.2,2.8,1.4,150,0,1.4,305,0.6,True,2,8,94697,50057,317,118,238,25952,13856,55173,29699,77313,41834,76953,41883,50890,27463,23344,12538,10048,5207,2568,1266,51.30786303,1,safelane
8,9,npc_dota_hero_mirana,Mirana,agi,Ranged,"['Carry', 'Support', 'Escape', 'Nuker', 'Disabler']",https://cdn.dota2.com/apps/dota2/images/heroes/mirana_full.png?,https://cdn.dota2.com/apps/dota2/images/heroes/mirana_icon.png,200,,75,0.4,-1.0,25,27,32,18,18,22,2.2,3.7,1.9,630,900,1.7,290,0.5,True,2,9,44097,22731,104,106,199,13168,6680,38115,19741,64090,33299,65767,34207,43810,22602,20353,10511,8561,4387,2572,1311,51.18117309,4,support
9,10,npc_dota_hero_morphling,Morphling,agi,Ranged,"['Carry', 'Escape', 'Durable', 'Nuker', 'Disabler']",https://cdn.dota2.com/apps/dota2/images/heroes/morphling_full.png?,https://cdn.dota2.com/apps/dota2/images/heroes/morphling_icon.png,200,,75,0.0,-2.0,25,9,18,22,24,15,3.0,4.3,1.5,350,1300,1.5,280,0.6,True,0,10,30852,15274,518,112,216,11494,5793,26225,12990,39498,18951,40424,19183,29102,13710,15100,7168,7638,3662,2764,1303,47.73120554,1,safelane
10,11,npc_dota_hero_nevermore,Shadow Fiend,agi,Ranged,"['Carry', 'Nuker']",https://cdn.dota2.com/apps/dota2/images/heroes/nevermore_full.png?,https://cdn.dota2.com/apps/dota2/images/heroes/nevermore_icon.png,200,0.25,75,0.3,0.0,25,19,25,19,20,18,2.7,3.5,2.2,500,1200,1.7,305,1.0,True,0,11,67434,33005,115,35,80,21085,10639,48426,24085,69468,34437,69787,34197,46715,22683,21576,10420,9517,4431,2225,1027,46.48271163,2,mid
11,12,npc_dota_hero_phantom_lancer,Phantom Lancer,agi,Melee,"['Carry', 'Escape', 'Pusher', 'Nuker']",https://cdn.dota2.com/apps/dota2/images/heroes/phantom_lancer_full.png?,https://cdn.dota2.com/apps/dota2/images/heroes/phantom_lancer_icon.png,200,1.5,75,0.0,0.0,25,26,40,19,26,21,2.2,3.2,2.0,150,900,1.7,290,0.6,True,2,12,31211,16435,380,50,109,15033,7676,26836,13556,32843,16391,29654,14556,19625,9828,10065,5050,5627,2849,2269,1152,50.67122594,1,safelane
12,13,npc_dota_hero_puck,Puck,int,Ranged,"['Initiator', 'Disabler', 'Escape', 'Nuker']",https://cdn.dota2.com/apps/dota2/images/heroes/puck_full.png?,https://cdn.dota2.com/apps/dota2/images/heroes/puck_icon.png,200,0.5,75,0.0,-3.0,25,23,34,17,22,23,2.4,2.5,3.5,550,900,1.7,290,0.8,True,2,13,30444,14919,861,224,421,8493,4126,24483,12342,47918,24502,62479,32325,45044,23455,21804,11545,9845,4999,3264,1719,51.24723472,2,mid
13,14,npc_dota_hero_pudge,Pudge,str,Melee,"['Disabler', 'Initiator', 'Durable', 'Nuker']",https://cdn.dota2.com/apps/dota2/images/heroes/pudge_full.png?,https://cdn.dota2.com/apps/dota2/images/heroes/pudge_icon.png,200,2.0,75,0.0,-1.0,25,42,48,25,14,16,3.0,1.4,1.5,150,0,1.7,280,0.7,True,2,14,153015,74201,6,6,9,27316,14044,58619,29917,81210,40822,80410,40094,52388,25707,23161,11219,9812,4614,1504,671,46.70378226,3,offlane
14,15,npc_dota_hero_razor,Razor,agi,Ranged,"['Carry', 'Durable', 'Nuker', 'Pusher']",https://cdn.dota2.com/apps/dota2/images/heroes/razor_full.png?,https://cdn.dota2.com/apps/dota2/images/heroes/razor_icon.png,200,1.0,75,0.0,-1.0,25,23,25,22,22,21,2.8,2.6,2.2,475,2000,1.7,290,0.5,True,0,15,17759,8951,103,35,61,7370,3658,12123,6258,16635,8926,16810,9093,12374,6647,5669,3106,2290,1211,525,270,52.61101243,3,offlane
15,16,npc_dota_hero_sand_king,Sand King,str,Melee,"['Initiator', 'Disabler', 'Support', 'Nuker', 'Escape', 'Jungler']",https://cdn.dota2.com/apps/dota2/images/heroes/sand_king_full.png?,https://cdn.dota2.com/apps/dota2/images/heroes/sand_king_icon.png,200,,75,0.0,-1.0,25,23,33,22,19,19,3.0,1.8,1.8,150,900,1.7,290,0.5,True,6,16,30008,16247,79,41,100,10728,5762,23291,12405,33987,17734,36192,18854,25350,13298,12653,6607,5894,3051,1675,821,51.15603118,4,support
16,17,npc_dota_hero_storm_spirit,Storm Spirit,int,Ranged,"['Carry', 'Escape', 'Nuker', 'Initiator', 'Disabler']",https://cdn.dota2.com/apps/dota2/images/heroes/storm_spirit_full.png?,https://cdn.dota2.com/apps/dota2/images/heroes/storm_spirit_icon.png,200,,75,0.0,2.0,25,26,36,21,22,23,2.0,1.7,3.9,480,1100,1.7,285,0.8,True,2,17,31265,14785,384,93,173,9911,4659,24392,11678,39530,19188,42454,20829,30645,15239,14840,7348,6652,3351,2156,1071,50.20435967,2,mid
17,18,npc_dota_hero_sven,Sven,str,Melee,"['Carry', 'Disabler', 'Initiator', 'Durable', 'Nuker']",https://cdn.dota2.com/apps/dota2/images/heroes/sven_full.png?,https://cdn.dota2.com/apps/dota2/images/heroes/sven_icon.png,200,,75,0.0,1.0,25,41,43,22,21,16,3.2,2.0,1.3,150,0,1.8,325,0.6,True,2,18,24178,11389,3,5,10,13379,6330,20953,9653,21869,9738,15147,6753,6761,2937,2073,952,621,267,106,52,43.87895461,1,safelane
18,19,npc_dota_hero_tiny,Tiny,str,Melee,"['Carry', 'Nuker', 'Pusher', 'Initiator', 'Durable', 'Disabler']",https://cdn.dota2.com/apps/dota2/images/heroes/tiny_full.png?,https://cdn.dota2.com/apps/dota2/images/heroes/tiny_icon.png,200,1.0,75,0.0,0.0,25,31,37,28,0,17,3.8,0.0,2.2,150,900,1.7,300,0.5,True,2,19,16550,6874,22,35,83,5492,2374,12256,5279,19309,8416,21512,9421,15898,7073,8148,3682,3990,1805,1447,668,45.48464227,3,offlane
19,20,npc_dota_hero_vengefulspirit,Vengeful Spirit,agi,Ranged,"['Support', 'Initiator', 'Disabler', 'Nuker', 'Escape']",https://cdn.dota2.com/apps/dota2/images/heroes/vengefulspirit_full.png?,https://cdn.dota2.com/apps/dota2/images/heroes/vengefulspirit_icon.png,200,0.25,75,0.0,0.0,25,21,29,19,20,19,2.4,3.8,1.5,400,1500,1.7,290,0.6,True,2,20,19834,9858,8,6,15,7307,3554,15830,7686,22169,10639,21359,10229,13177,6393,5483,2581,1906,914,396,197,48.26238054,5,hard_support
20,21,npc_dota_hero_windrunner,Windranger,int,Ranged,"['Carry', 'Support', 'Disabler', 'Escape', 'Nuker']",https://cdn.dota2.com/apps/dota2/images/heroes/windrunner_full.png?,https://cdn.dota2.com/apps/dota2/images/heroes/windrunner_icon.png,200,,75,0.0,-1.0,25,24,36,18,17,18,3.0,1.4,3.6,600,1250,1.5,290,0.8,True,2,21,83152,43609,56,43,86,23542,12258,49975,26072,70370,36279,70100,36042,46618,24103,21467,11026,9246,4748,2431,1245,51.32311381,4,support
21,22,npc_dota_hero_zuus,Zeus,int,Ranged,['Nuker'],https://cdn.dota2.com/apps/dota2/images/heroes/zuus_full.png?,https://cdn.dota2.com/apps/dota2/images/heroes/zuus_icon.png,200,,75,0.0,1.0,25,33,41,19,11,22,2.1,1.2,3.3,380,1100,1.7,310,0.6,True,2,22,69107,36885,58,11,27,21965,11451,42202,22109,55493,28721,52210,26668,32129,16147,13129,6508,4454,2101,846,389,46.98113208,2,mid
22,23,npc_dota_hero_kunkka,Kunkka,str,Melee,"['Carry', 'Support', 'Disabler', 'Initiator', 'Durable', 'Nuker']",https://cdn.dota2.com/apps/dota2/images/heroes/kunkka_full.png?,https://cdn.dota2.com/apps/dota2/images/heroes/kunkka_icon.png,200,0.25,75,0.0,1.0,25,26,36,24,14,18,3.8,1.3,1.8,150,900,1.7,300,0.6,True,2,23,20806,9471,106,49,88,8559,3834,17732,7855,24878,11252,23292,10607,13511,6107,5280,2368,1864,867,474,217,46.36441403,2,mid
23,25,npc_dota_hero_lina,Lina,int,Ranged,"['Support', 'Carry', 'Nuker', 'Disabler']",https://cdn.dota2.com/apps/dota2/images/heroes/lina_full.png?,https://cdn.dota2.com/apps/dota2/images/heroes/lina_icon.png,200,,75,0.0,0.0,25,19,27,20,23,30,2.4,1.8,3.7,670,1000,1.6,290,0.6,True,2,25,34046,14795,108,35,77,17852,7818,33155,14935,46507,21098,46850,21648,30506,14230,14003,6507,5513,2598,1244,571,46.89951162,4,support
24,26,npc_dota_hero_lion,Lion,int,Ranged,"['Support', 'Disabler', 'Nuker', 'Initiator']",https://cdn.dota2.com/apps/dota2/images/heroes/lion_full.png?,https://cdn.dota2.com/apps/dota2/images/heroes/lion_icon.png,200,,75,0.0,0.0,25,29,35,18,18,18,2.2,1.5,3.5,600,900,1.7,290,0.5,True,2,26,90022,42880,24,72,167,26491,13360,55160,28028,77757,39260,75784,38186,49057,24972,22114,11208,9618,4820,2094,1086,50.42691257,5,hard_support
25,27,npc_dota_hero_shadow_shaman,Shadow Shaman,int,Ranged,"['Support', 'Pusher', 'Disabler', 'Nuker', 'Initiator']",https://cdn.dota2.com/apps/dota2/images/heroes/shadow_shaman_full.png?,https://cdn.dota2.com/apps/dota2/images/heroes/shadow_shaman_icon.png,200,,75,0.0,2.0,25,46,53,23,16,25,2.3,1.6,3.5,400,900,1.7,285,0.5,True,2,27,54271,28843,69,104,231,22633,11822,47008,24732,66529,35411,66050,35396,44584,23813,20849,11188,9147,4881,2475,1322,53.37291344,5,hard_support
26,28,npc_dota_hero_slardar,Slardar,str,Melee,"['Carry', 'Durable', 'Initiator', 'Disabler', 'Escape']",https://cdn.dota2.com/apps/dota2/images/heroes/slardar_full.png?,https://cdn.dota2.com/apps/dota2/images/heroes/slardar_icon.png,200,0.5,75,0.0,3.0,25,30,38,21,17,15,3.6,2.4,1.5,150,0,1.7,300,0.5,True,0,28,28802,15086,101,29,68,12302,6063,26449,13079,36844,18360,34676,17292,21034,10548,8784,4439,3493,1706,800,387,48.75378523,3,offlane
27,29,npc_dota_hero_tidehunter,Tidehunter,str,Melee,"['Initiator', 'Durable', 'Disabler', 'Nuker']",https://cdn.dota2.com/apps/dota2/images/heroes/tidehunter_full.png?,https://cdn.dota2.com/apps/dota2/images/heroes/tidehunter_icon.png,200,,75,0.0,0.0,25,25,31,27,15,18,3.5,1.5,1.7,150,900,1.7,300,0.5,True,2,29,21110,11158,399,132,258,10060,5444,25603,13375,38582,20377,39375,20671,24799,12963,11566,5882,5308,2736,1794,928,51.5911011,3,offlane
28,30,npc_dota_hero_witch_doctor,Witch Doctor,int,Ranged,"['Support', 'Nuker', 'Disabler']",https://cdn.dota2.com/apps/dota2/images/heroes/witch_doctor_full.png?,https://cdn.dota2.com/apps/dota2/images/heroes/witch_doctor_icon.png,200,,75,0.0,0.0,25,29,39,18,13,22,2.3,1.4,3.3,600,1200,1.7,300,0.5,True,2,30,38365,18633,43,48,120,22589,11189,47223,23145,64764,31933,62857,30611,38464,18337,16095,7739,6032,2869,1626,773,47.55810917,5,hard_support
29,31,npc_dota_hero_lich,Lich,int,Ranged,"['Support', 'Nuker']",https://cdn.dota2.com/apps/dota2/images/heroes/lich_full.png?,https://cdn.dota2.com/apps/dota2/images/heroes/lich_icon.png,200,,75,0.75,-1.0,25,24,33,20,15,24,2.1,2.0,4.1,550,900,1.7,295,0.5,True,2,31,20437,9886,25,33,62,12765,6355,25945,12732,37802,18823,38954,19522,26544,13135,13112,6518,6321,3067,1713,827,48.46900672,5,hard_support
30,32,npc_dota_hero_riki,Riki,agi,Melee,"['Carry', 'Escape', 'Disabler']",https://cdn.dota2.com/apps/dota2/images/heroes/riki_full.png?,https://cdn.dota2.com/apps/dota2/images/heroes/riki_icon.png,200,3.0,75,0.0,3.0,25,41,45,18,18,14,2.4,1.4,1.3,150,900,1.7,320,0.6,True,2,32,41035,20754,306,50,115,21604,11422,44615,23742,61996,32775,61090,31743,40381,20666,18089,9141,7602,3721,2007,945,48.55864294,1,safelane
31,33,npc_dota_hero_enigma,Enigma,int,Ranged,"['Disabler', 'Jungler', 'Initiator', 'Pusher']",https://cdn.dota2.com/apps/dota2/images/heroes/enigma_full.png?,https://cdn.dota2.com/apps/dota2/images/heroes/enigma_icon.png,200,,75,0.0,2.0,25,24,30,21,14,19,2.5,1.0,3.6,500,900,1.7,290,0.5,True,0,33,26732,14517,170,54,120,6064,3203,14837,7750,21500,11280,21032,11138,13782,7364,7067,3864,3497,1958,1702,942,55.77995768,3,offlane
32,34,npc_dota_hero_tinker,Tinker,int,Ranged,"['Carry', 'Nuker', 'Pusher']",https://cdn.dota2.com/apps/dota2/images/heroes/tinker_full.png?,https://cdn.dota2.com/apps/dota2/images/heroes/tinker_icon.png,200,,75,0.75,2.0,25,24,30,18,13,30,2.5,1.2,3.3,500,900,1.7,290,0.6,True,2,34,23732,10651,41,9,23,7062,3212,17356,7979,27715,13031,28120,13191,18942,9034,8681,4310,3726,1860,775,407,50.3665852,2,mid
33,35,npc_dota_hero_sniper,Sniper,agi,Ranged,"['Carry', 'Nuker']",https://cdn.dota2.com/apps/dota2/images/heroes/sniper_full.png?,https://cdn.dota2.com/apps/dota2/images/heroes/sniper_icon.png,200,,75,0.0,-1.0,25,13,19,19,27,15,2.0,3.2,2.6,550,3000,1.7,285,0.7,True,2,35,119631,59981,7,2,6,27470,13719,53829,26392,71963,35556,59628,29288,28976,14093,8893,4270,2165,1021,261,117,46.90849134,2,mid
34,36,npc_dota_hero_necrolyte,Necrophos,int,Ranged,"['Carry', 'Nuker', 'Durable', 'Disabler']",https://cdn.dota2.com/apps/dota2/images/heroes/necrolyte_full.png?,https://cdn.dota2.com/apps/dota2/images/heroes/necrolyte_icon.png,200,,75,0.0,1.0,25,26,30,18,12,21,2.6,1.3,2.7,500,900,1.7,280,0.5,True,2,36,20740,10473,10,3,8,9584,4957,19413,9718,23894,11925,20746,10279,11953,5874,4760,2371,1648,812,250,109,48.52476291,3,offlane
35,37,npc_dota_hero_warlock,Warlock,int,Ranged,"['Support', 'Initiator', 'Disabler']",https://cdn.dota2.com/apps/dota2/images/heroes/warlock_full.png?,https://cdn.dota2.com/apps/dota2/images/heroes/warlock_icon.png,200,,75,0.0,1.0,25,24,34,26,10,25,3.0,1.0,3.1,600,1200,1.7,290,0.5,True,2,37,17175,9567,6,2,14,7234,3836,15704,8281,21679,11435,20765,10689,13138,6770,5792,2934,2317,1233,482,231,52.30439443,5,hard_support
36,38,npc_dota_hero_beastmaster,Beastmaster,str,Melee,"['Initiator', 'Disabler', 'Durable', 'Nuker']",https://cdn.dota2.com/apps/dota2/images/heroes/beastmaster_full.png?,https://cdn.dota2.com/apps/dota2/images/heroes/beastmaster_icon.png,200,,75,0.0,-1.0,25,37,41,23,18,16,2.9,1.6,1.9,150,0,1.7,305,0.5,True,2,38,6221,2784,609,141,244,2047,969,5298,2606,9840,4965,12441,6437,10706,5593,6972,3721,4543,2482,2194,1198,54.62371976,3,offlane
37,39,npc_dota_hero_queenofpain,Queen of Pain,int,Ranged,"['Carry', 'Nuker', 'Escape']",https://cdn.dota2.com/apps/dota2/images/heroes/queenofpain_full.png?,https://cdn.dota2.com/apps/dota2/images/heroes/queenofpain_icon.png,200,,75,0.0,0.0,25,20,28,18,22,25,2.4,2.5,3.4,550,1500,1.5,290,0.5,True,2,39,29759,13794,174,51,104,10914,5186,25919,12298,39149,18698,40691,19546,27467,13355,12555,6123,5262,2616,1606,781,49.46126966,2,mid
38,40,npc_dota_hero_venomancer,Venomancer,agi,Ranged,"['Support', 'Nuker', 'Initiator', 'Pusher', 'Disabler']",https://cdn.dota2.com/apps/dota2/images/heroes/venomancer_full.png?,https://cdn.dota2.com/apps/dota2/images/heroes/venomancer_icon.png,200,,75,0.0,0.0,25,16,18,19,26,19,2.1,3.2,1.8,450,900,1.7,280,0.5,True,0,40,30327,15208,80,21,48,9423,4600,19686,9652,27985,13936,27785,13938,17787,9134,7700,3907,3003,1555,842,419,51.33940182,4,support
39,41,npc_dota_hero_faceless_void,Faceless Void,agi,Melee,"['Carry', 'Initiator', 'Disabler', 'Escape', 'Durable']",https://cdn.dota2.com/apps/dota2/images/heroes/faceless_void_full.png?,https://cdn.dota2.com/apps/dota2/images/heroes/faceless_void_icon.png,200,0.5,75,0.0,0.0,25,37,43,22,19,15,2.4,3.0,1.5,150,900,1.7,300,1.0,True,2,41,38285,18177,23,5,13,18309,8311,36600,16527,45508,20322,37556,16799,19373,8503,6521,2911,1949,893,262,120,45.81637268,1,safelane
40,42,npc_dota_hero_skeleton_king,Wraith King,str,Melee,"['Carry', 'Support', 'Durable', 'Disabler', 'Initiator']",https://cdn.dota2.com/apps/dota2/images/heroes/skeleton_king_full.png?,https://cdn.dota2.com/apps/dota2/images/heroes/skeleton_king_icon.png,200,,75,0.0,-1.0,25,40,42,22,18,18,3.0,1.7,1.6,150,0,1.7,315,0.5,True,2,42,67988,38262,302,143,299,24719,13824,51293,28421,71589,38922,71195,38588,47132,25256,21786,11469,9580,5001,2751,1392,51.84494364,1,safelane
41,43,npc_dota_hero_death_prophet,Death Prophet,int,Ranged,"['Carry', 'Pusher', 'Nuker', 'Disabler']",https://cdn.dota2.com/apps/dota2/images/heroes/death_prophet_full.png?,https://cdn.dota2.com/apps/dota2/images/heroes/death_prophet_icon.png,200,,75,0.0,1.0,25,27,39,19,14,24,3.1,1.4,3.5,600,1000,1.7,335,0.8,True,2,43,12158,5794,443,166,293,5857,2764,10217,4917,13689,6702,13660,6731,9220,4585,4903,2459,2756,1348,1328,677,49.58374143,2,mid
42,44,npc_dota_hero_phantom_assassin,Phantom Assassin,agi,Melee,"['Carry', 'Escape']",https://cdn.dota2.com/apps/dota2/images/heroes/phantom_assassin_full.png?,https://cdn.dota2.com/apps/dota2/images/heroes/phantom_assassin_icon.png,200,0.25,75,0.0,1.0,25,30,32,21,23,15,2.2,3.4,1.4,150,900,1.7,305,0.6,True,2,44,80166,41650,204,87,178,26032,12869,52878,25981,71592,34508,69359,32966,44340,21052,19424,9092,8043,3741,2257,1068,46.68932039,1,safelane
43,45,npc_dota_hero_pugna,Pugna,int,Ranged,"['Nuker', 'Pusher']",https://cdn.dota2.com/apps/dota2/images/heroes/pugna_full.png?,https://cdn.dota2.com/apps/dota2/images/heroes/pugna_icon.png,200,,75,0.5,0.0,25,19,27,19,24,24,2.0,1.3,5.2,630,900,1.7,330,0.5,True,2,45,22685,10803,79,19,37,7857,3675,14402,6821,19794,9583,19799,9732,13577,6835,6199,3088,2924,1505,859,437,51.33491938,2,mid
44,46,npc_dota_hero_templar_assassin,Templar Assassin,agi,Ranged,"['Carry', 'Escape']",https://cdn.dota2.com/apps/dota2/images/heroes/templar_assassin_full.png?,https://cdn.dota2.com/apps/dota2/images/heroes/templar_assassin_icon.png,200,0.25,75,0.0,1.0,25,30,36,21,23,20,2.4,3.2,2.0,160,900,1.7,305,0.7,True,2,46,12217,5446,193,34,72,5956,2497,11180,5063,15221,7096,15478,7506,11186,5453,5817,2923,3022,1618,1026,546,53.45849802,2,mid
45,47,npc_dota_hero_viper,Viper,agi,Ranged,"['Carry', 'Durable', 'Initiator', 'Disabler']",https://cdn.dota2.com/apps/dota2/images/heroes/viper_full.png?,https://cdn.dota2.com/apps/dota2/images/heroes/viper_icon.png,200,,75,0.0,-2.0,25,27,29,21,21,17,2.4,2.5,2.0,575,1200,1.7,275,0.5,True,0,47,48714,23512,408,61,121,19463,9114,30759,14655,37327,17774,33053,15858,19434,9374,7894,3805,3104,1475,848,385,47.06477733,2,mid
46,48,npc_dota_hero_luna,Luna,agi,Ranged,"['Carry', 'Nuker', 'Pusher']",https://cdn.dota2.com/apps/dota2/images/heroes/luna_full.png?,https://cdn.dota2.com/apps/dota2/images/heroes/luna_icon.png,200,0.5,75,0.0,2.0,25,26,32,21,24,23,2.2,3.4,1.9,330,900,1.7,325,0.6,True,2,48,38329,19699,9,8,20,13742,6875,23343,11901,28379,14275,25407,12778,15258,7663,6283,3191,2361,1197,552,288,50.97837281,1,safelane
47,49,npc_dota_hero_dragon_knight,Dragon Knight,str,Melee,"['Carry', 'Pusher', 'Durable', 'Disabler', 'Initiator', 'Nuker']",https://cdn.dota2.com/apps/dota2/images/heroes/dragon_knight_full.png?,https://cdn.dota2.com/apps/dota2/images/heroes/dragon_knight_icon.png,200,,75,0.0,0.0,25,31,37,21,19,18,3.4,2.0,1.7,150,900,1.7,310,0.6,True,2,49,23068,11883,110,51,96,12550,6538,24588,12634,30391,15670,25674,13084,14380,7334,5550,2714,1990,996,506,233,49.23878205,3,offlane
48,50,npc_dota_hero_dazzle,Dazzle,int,Ranged,"['Support', 'Nuker', 'Disabler']",https://cdn.dota2.com/apps/dota2/images/heroes/dazzle_full.png?,https://cdn.dota2.com/apps/dota2/images/heroes/dazzle_icon.png,200,,75,0.0,-1.0,25,22,28,18,21,25,2.5,1.7,3.7,550,1200,1.7,305,0.6,True,2,50,25633,13041,8,6,14,11190,5613,25875,12917,34059,16752,29982,14630,16476,7915,6072,2923,1853,912,279,132,48.96810507,5,hard_support
49,51,npc_dota_hero_rattletrap,Clockwerk,str,Melee,"['Initiator', 'Disabler', 'Durable', 'Nuker']",https://cdn.dota2.com/apps/dota2/images/heroes/rattletrap_full.png?,https://cdn.dota2.com/apps/dota2/images/heroes/rattletrap_icon.png,200,,75,0.0,0.0,25,24,26,26,13,18,3.5,2.3,1.5,150,900,1.7,310,0.6,True,2,51,19587,10404,118,128,249,5270,2657,14697,7465,24927,12792,27879,14264,20215,10421,9601,4936,4228,2163,1436,733,51.1299435,3,offlane
50,52,npc_dota_hero_leshrac,Leshrac,int,Ranged,"['Carry', 'Support', 'Nuker', 'Pusher', 'Disabler']",https://cdn.dota2.com/apps/dota2/images/heroes/leshrac_full.png?,https://cdn.dota2.com/apps/dota2/images/heroes/leshrac_icon.png,200,,75,0.0,0.0,25,22,26,20,23,22,2.5,2.8,3.5,575,900,1.7,325,0.5,True,4,52,8677,3813,178,57,109,2821,1289,5793,2614,8092,3646,8889,3998,6797,3115,3591,1735,1932,954,1035,518,49.6124031,2,mid
51,53,npc_dota_hero_furion,Nature's Prophet,int,Ranged,"['Carry', 'Jungler', 'Pusher', 'Escape', 'Nuker']",https://cdn.dota2.com/apps/dota2/images/heroes/furion_full.png?,https://cdn.dota2.com/apps/dota2/images/heroes/furion_icon.png,200,,75,0.0,0.0,25,27,37,21,22,23,2.6,3.6,3.7,600,1125,1.7,290,0.6,True,2,53,36202,17451,148,78,157,14951,6719,24628,10679,27794,11838,24667,10604,15468,6770,7202,3283,3329,1588,1484,691,47.35092458,3,offlane
52,54,npc_dota_hero_life_stealer,Lifestealer,str,Melee,"['Carry', 'Durable', 'Jungler', 'Escape', 'Disabler']",https://cdn.dota2.com/apps/dota2/images/heroes/life_stealer_full.png?,https://cdn.dota2.com/apps/dota2/images/heroes/life_stealer_icon.png,200,,75,0.0,1.0,25,21,27,25,18,15,2.4,2.4,1.8,150,900,1.7,325,1.0,True,2,54,25221,12518,50,23,53,10877,5283,21888,10765,28744,14200,26329,12963,16404,8084,7235,3571,2823,1407,637,309,49.59537572,1,safelane
53,55,npc_dota_hero_dark_seer,Dark Seer,int,Melee,"['Initiator', 'Jungler', 'Escape', 'Disabler']",https://cdn.dota2.com/apps/dota2/images/heroes/dark_seer_full.png?,https://cdn.dota2.com/apps/dota2/images/heroes/dark_seer_icon.png,200,,75,0.0,2.0,25,33,39,20,18,21,3.1,1.8,3.1,150,900,1.7,295,0.6,True,2,55,12642,6999,96,32,73,3269,1755,6765,3557,9645,5142,9658,5091,6805,3599,3743,1945,1834,973,835,443,53.05357812,3,offlane
54,56,npc_dota_hero_clinkz,Clinkz,agi,Ranged,"['Carry', 'Escape', 'Pusher']",https://cdn.dota2.com/apps/dota2/images/heroes/clinkz_full.png?,https://cdn.dota2.com/apps/dota2/images/heroes/clinkz_icon.png,200,0.25,75,0.0,0.0,25,15,21,14,22,18,2.2,2.7,2.2,625,900,1.7,290,0.5,True,2,56,36944,20085,21,4,9,10928,5572,19171,9816,22445,11854,22097,11837,15296,8393,7108,3867,3040,1734,517,279,56.59263424,2,mid
55,57,npc_dota_hero_omniknight,Omniknight,str,Melee,"['Support', 'Durable', 'Nuker']",https://cdn.dota2.com/apps/dota2/images/heroes/omniknight_full.png?,https://cdn.dota2.com/apps/dota2/images/heroes/omniknight_icon.png,200,,75,0.0,1.0,25,31,41,22,15,15,3.4,1.8,1.8,150,900,1.7,310,0.6,True,2,57,9692,4894,3,7,9,3866,1906,8232,4081,10577,5412,9485,4822,5558,2814,2186,1099,766,378,151,68,48.63685932,4,support
56,58,npc_dota_hero_enchantress,Enchantress,int,Ranged,"['Support', 'Jungler', 'Pusher', 'Durable', 'Disabler']",https://cdn.dota2.com/apps/dota2/images/heroes/enchantress_full.png?,https://cdn.dota2.com/apps/dota2/images/heroes/enchantress_icon.png,200,,75,0.0,1.0,25,23,33,17,19,22,1.7,1.8,3.8,575,900,1.7,320,0.6,True,4,58,12100,5469,105,43,91,5367,2501,7742,3433,8690,3867,7596,3341,4776,2100,2230,1014,1049,488,579,284,47.42014742,5,hard_support
57,59,npc_dota_hero_huskar,Huskar,str,Ranged,"['Carry', 'Durable', 'Initiator']",https://cdn.dota2.com/apps/dota2/images/heroes/huskar_full.png?,https://cdn.dota2.com/apps/dota2/images/heroes/huskar_icon.png,200,,75,0.0,-1.0,25,21,26,21,15,18,3.2,1.8,1.5,400,1400,1.6,290,0.5,True,2,59,30718,15390,42,15,26,12440,6039,17053,8086,18257,8678,14826,7252,8579,4293,3493,1768,1509,786,321,167,52.07650273,2,mid
58,60,npc_dota_hero_night_stalker,Night Stalker,str,Melee,"['Carry', 'Initiator', 'Durable', 'Disabler', 'Nuker']",https://cdn.dota2.com/apps/dota2/images/heroes/night_stalker_full.png?,https://cdn.dota2.com/apps/dota2/images/heroes/night_stalker_icon.png,200,2.25,75,0.0,2.0,25,38,42,23,18,15,3.0,2.3,1.6,150,900,1.7,295,0.5,True,2,60,10549,5121,139,38,73,4567,2281,11068,5650,17614,9247,19389,10382,14128,7597,7072,3783,3513,1857,968,513,52.88997992,3,offlane
59,61,npc_dota_hero_broodmother,Broodmother,agi,Melee,"['Carry', 'Pusher', 'Escape', 'Nuker']",https://cdn.dota2.com/apps/dota2/images/heroes/broodmother_full.png?,https://cdn.dota2.com/apps/dota2/images/heroes/broodmother_icon.png,200,,75,0.0,0.0,25,29,35,18,15,18,3.2,3.0,2.0,150,900,1.7,275,0.5,True,8,61,6766,2850,68,14,19,2783,1199,4559,2148,5588,2748,5572,2835,4091,2149,2412,1336,1332,759,527,298,56.85852609,2,mid
60,62,npc_dota_hero_bounty_hunter,Bounty Hunter,agi,Melee,"['Escape', 'Nuker']",https://cdn.dota2.com/apps/dota2/images/heroes/bounty_hunter_full.png?,https://cdn.dota2.com/apps/dota2/images/heroes/bounty_hunter_icon.png,200,1.25,75,0.5,4.0,25,30,38,20,21,22,2.5,2.6,1.9,150,900,1.7,320,0.6,True,2,62,37474,17924,17,25,47,16864,8556,29609,15320,39718,20842,41000,21806,28250,15257,13494,7295,6103,3299,1817,985,54.09090909,3,offlane
61,63,npc_dota_hero_weaver,Weaver,agi,Ranged,"['Carry', 'Escape']",https://cdn.dota2.com/apps/dota2/images/heroes/weaver_full.png?,https://cdn.dota2.com/apps/dota2/images/heroes/weaver_icon.png,200,1.0,75,0.75,0.0,25,36,46,16,14,16,2.0,3.1,2.0,425,900,1.8,275,0.5,True,4,63,42993,22220,146,52,118,14727,7292,25467,12495,31684,15847,30459,15319,20696,10464,10185,5233,4709,2363,1651,851,50.53459119,1,safelane
62,64,npc_dota_hero_jakiro,Jakiro,int,Ranged,"['Support', 'Nuker', 'Pusher', 'Disabler']",https://cdn.dota2.com/apps/dota2/images/heroes/jakiro_full.png?,https://cdn.dota2.com/apps/dota2/images/heroes/jakiro_icon.png,200,,75,0.0,1.0,25,27,35,27,10,26,3.0,1.2,2.8,400,1100,1.7,290,0.5,True,2,64,20206,10072,9,24,49,9520,4892,23268,11767,36089,18050,38596,19393,25957,12900,11755,5716,4920,2462,1248,637,50.24319066,5,hard_support
63,65,npc_dota_hero_batrider,Batrider,int,Ranged,"['Initiator', 'Jungler', 'Disabler', 'Escape']",https://cdn.dota2.com/apps/dota2/images/heroes/batrider_full.png?,https://cdn.dota2.com/apps/dota2/images/heroes/batrider_icon.png,200,1.75,75,0.0,1.0,25,16,20,28,15,22,2.9,1.8,2.9,375,900,1.7,290,1.0,True,2,65,6321,2567,747,86,176,2179,923,5266,2290,8845,3986,10704,4789,9032,4205,5410,2597,3346,1622,1923,993,49.6299108,2,mid
64,66,npc_dota_hero_chen,Chen,int,Ranged,"['Support', 'Jungler', 'Pusher']",https://cdn.dota2.com/apps/dota2/images/heroes/chen_full.png?,https://cdn.dota2.com/apps/dota2/images/heroes/chen_icon.png,200,,75,0.0,-1.0,25,25,35,25,15,19,2.0,2.1,3.2,650,1100,1.7,300,0.6,True,2,66,3864,1613,38,20,31,868,359,1477,679,2027,908,2063,948,1378,617,772,366,421,223,246,137,53.97301349,5,hard_support
65,67,npc_dota_hero_spectre,Spectre,agi,Melee,"['Carry', 'Durable', 'Escape']",https://cdn.dota2.com/apps/dota2/images/heroes/spectre_full.png?,https://cdn.dota2.com/apps/dota2/images/heroes/spectre_icon.png,200,1.5,75,0.0,0.0,25,23,27,23,23,16,2.5,2.1,1.9,150,900,1.7,290,0.5,True,0,67,23640,13026,22,1,9,10684,5777,24236,12528,34011,17648,31183,15650,17481,8733,6287,3058,1869,895,296,135,47.57505774,1,safelane
66,68,npc_dota_hero_ancient_apparition,Ancient Apparition,int,Ranged,"['Support', 'Disabler', 'Nuker']",https://cdn.dota2.com/apps/dota2/images/heroes/ancient_apparition_full.png?,https://cdn.dota2.com/apps/dota2/images/heroes/ancient_apparition_icon.png,200,,75,0.0,-1.0,25,21,31,20,20,23,1.9,2.2,3.4,675,1250,1.7,285,0.6,True,2,68,31202,16736,107,45,97,8537,4556,24067,12993,38771,20759,39947,21292,26628,14095,11816,6135,4495,2290,1167,575,50.60049452,5,hard_support
67,69,npc_dota_hero_doom_bringer,Doom,str,Melee,"['Carry', 'Disabler', 'Initiator', 'Durable', 'Nuker']",https://cdn.dota2.com/apps/dota2/images/heroes/doom_bringer_full.png?,https://cdn.dota2.com/apps/dota2/images/heroes/doom_bringer_icon.png,200,,75,0.0,0.0,25,30,46,24,11,15,3.7,0.9,2.1,200,900,2.0,285,0.5,True,2,69,9789,4156,54,15,41,4230,1897,10154,4492,14845,6668,15491,6980,10586,4754,4778,2155,1894,889,459,219,47.08882278,3,offlane
68,70,npc_dota_hero_ursa,Ursa,agi,Melee,"['Carry', 'Jungler', 'Durable', 'Disabler']",https://cdn.dota2.com/apps/dota2/images/heroes/ursa_full.png?,https://cdn.dota2.com/apps/dota2/images/heroes/ursa_icon.png,200,0.5,75,0.0,1.0,25,24,28,24,18,16,2.6,2.4,1.5,150,900,1.7,310,0.5,True,2,70,37477,20447,488,106,224,13347,6796,30761,15707,48104,24893,52764,27356,38307,19537,19043,9720,8547,4318,2736,1382,50.51847913,1,safelane
69,71,npc_dota_hero_spirit_breaker,Spirit Breaker,str,Melee,"['Carry', 'Initiator', 'Disabler', 'Durable', 'Escape']",https://cdn.dota2.com/apps/dota2/images/heroes/spirit_breaker_full.png?,https://cdn.dota2.com/apps/dota2/images/heroes/spirit_breaker_icon.png,200,1.25,75,0.0,2.0,25,31,41,29,17,14,3.1,1.7,1.8,150,900,1.9,290,0.5,True,2,71,44576,22623,15,28,57,18579,9643,34284,17650,42891,22176,39453,20099,24351,12313,10771,5419,4465,2193,1291,657,49.51355108,3,offlane
70,72,npc_dota_hero_gyrocopter,Gyrocopter,agi,Ranged,"['Carry', 'Nuker', 'Disabler']",https://cdn.dota2.com/apps/dota2/images/heroes/gyrocopter_full.png?,https://cdn.dota2.com/apps/dota2/images/heroes/gyrocopter_icon.png,200,,75,0.0,2.0,25,16,22,22,26,21,2.5,3.6,2.1,365,3000,1.7,315,0.6,True,2,72,16562,8357,38,23,53,6396,3129,11904,5764,15754,7643,14695,7028,9358,4519,3930,1821,1474,723,389,182,48.57756307,1,safelane
71,73,npc_dota_hero_alchemist,Alchemist,str,Melee,"['Carry', 'Support', 'Durable', 'Disabler', 'Initiator', 'Nuker']",https://cdn.dota2.com/apps/dota2/images/heroes/alchemist_full.png?,https://cdn.dota2.com/apps/dota2/images/heroes/alchemist_icon.png,200,,75,0.0,-1.0,25,24,33,25,22,25,2.7,1.5,1.8,150,900,1.7,305,0.6,True,2,73,15956,7167,161,56,107,8603,4368,20123,10261,29524,15480,29484,15755,19468,10406,9606,5247,4369,2298,1442,765,52.71037687,2,mid
72,74,npc_dota_hero_invoker,Invoker,int,Ranged,"['Carry', 'Nuker', 'Disabler', 'Escape', 'Pusher']",https://cdn.dota2.com/apps/dota2/images/heroes/invoker_full.png?,https://cdn.dota2.com/apps/dota2/images/heroes/invoker_icon.png,200,,75,0.0,0.0,25,29,35,18,14,15,2.4,1.9,4.6,600,900,1.7,280,0.5,True,2,74,76946,37754,272,48,128,18764,9000,45115,21845,65958,32346,66627,32880,43765,22067,20247,10227,8909,4617,2010,1037,51.78129865,2,mid
73,75,npc_dota_hero_silencer,Silencer,int,Ranged,"['Carry', 'Support', 'Disabler', 'Initiator', 'Nuker']",https://cdn.dota2.com/apps/dota2/images/heroes/silencer_full.png?,https://cdn.dota2.com/apps/dota2/images/heroes/silencer_icon.png,200,,75,0.0,-1.0,25,18,32,19,22,25,2.7,2.4,2.9,600,900,1.7,290,0.6,True,2,75,41190,21208,27,8,23,17288,8963,36079,18744,46689,23850,42463,21614,24931,12539,9838,4859,3448,1664,577,265,47.92546584,4,support
74,76,npc_dota_hero_obsidian_destroyer,Outworld Devourer,int,Ranged,"['Carry', 'Nuker', 'Disabler']",https://cdn.dota2.com/apps/dota2/images/heroes/obsidian_destroyer_full.png?,https://cdn.dota2.com/apps/dota2/images/heroes/obsidian_destroyer_icon.png,200,,75,0.0,1.5,25,19,31,21,22,30,2.9,1.3,4.2,450,900,1.9,310,0.5,True,4,76,27478,13623,699,87,186,13231,6620,35032,18275,60315,31849,65615,34817,45045,23742,21440,11353,9145,4673,2849,1397,50.60863765,2,mid
75,77,npc_dota_hero_lycan,Lycan,str,Melee,"['Carry', 'Pusher', 'Jungler', 'Durable', 'Escape']",https://cdn.dota2.com/apps/dota2/images/heroes/lycan_full.png?,https://cdn.dota2.com/apps/dota2/images/heroes/lycan_icon.png,200,,75,0.0,-1.0,25,24,29,26,16,23,3.4,1.0,1.4,150,900,1.7,305,0.5,True,2,77,7850,3468,464,67,111,3189,1435,6489,3065,8671,4164,9338,4700,7055,3680,4314,2309,2811,1608,1447,841,57.51526538,1,safelane
76,78,npc_dota_hero_brewmaster,Brewmaster,str,Melee,"['Carry', 'Initiator', 'Durable', 'Disabler', 'Nuker']",https://cdn.dota2.com/apps/dota2/images/heroes/brewmaster_full.png?,https://cdn.dota2.com/apps/dota2/images/heroes/brewmaster_icon.png,200,0.5,75,0.0,-1.0,25,29,36,23,19,15,3.7,2.0,1.6,150,900,1.7,305,0.6,True,2,78,5055,2440,62,46,96,1601,765,3301,1634,4953,2369,5698,2799,4435,2164,2350,1136,1262,617,469,229,48.87348354,3,offlane
77,79,npc_dota_hero_shadow_demon,Shadow Demon,int,Ranged,"['Support', 'Disabler', 'Initiator', 'Nuker']",https://cdn.dota2.com/apps/dota2/images/heroes/shadow_demon_full.png?,https://cdn.dota2.com/apps/dota2/images/heroes/shadow_demon_icon.png,200,,75,0.0,0.0,25,29,33,23,18,21,2.6,2.2,3.3,500,900,1.7,290,0.6,True,2,79,8611,3901,43,32,61,2642,1201,6002,2743,9394,4337,10308,4870,7361,3460,3415,1588,1432,673,423,200,47.06199461,5,hard_support
78,80,npc_dota_hero_lone_druid,Lone Druid,agi,Ranged,"['Carry', 'Pusher', 'Jungler', 'Durable']",https://cdn.dota2.com/apps/dota2/images/heroes/lone_druid_full.png?,https://cdn.dota2.com/apps/dota2/images/heroes/lone_druid_icon.png,200,0.25,75,0.0,-2.0,25,18,22,18,20,13,2.5,2.8,1.4,550,900,1.7,325,0.5,True,2,80,8211,3484,29,8,13,3031,1424,5607,2590,7067,3371,6534,3156,4226,2088,1934,929,736,358,159,73,48.15642458,2,mid
79,81,npc_dota_hero_chaos_knight,Chaos Knight,str,Melee,"['Carry', 'Disabler', 'Durable', 'Pusher', 'Initiator']",https://cdn.dota2.com/apps/dota2/images/heroes/chaos_knight_full.png?,https://cdn.dota2.com/apps/dota2/images/heroes/chaos_knight_icon.png,200,,75,0.0,2.0,25,29,59,22,18,18,3.4,1.4,1.2,150,900,1.7,320,0.5,True,2,81,23776,12711,13,17,31,14746,7793,23642,12592,24885,13064,20202,10613,11586,5997,4905,2519,1989,1049,469,234,52.19690806,3,offlane
80,82,npc_dota_hero_meepo,Meepo,agi,Melee,"['Carry', 'Escape', 'Nuker', 'Disabler', 'Initiator', 'Pusher']",https://cdn.dota2.com/apps/dota2/images/heroes/meepo_full.png?,https://cdn.dota2.com/apps/dota2/images/heroes/meepo_icon.png,200,0.25,75,0.0,4.0,25,29,35,24,17,20,1.8,1.8,1.6,150,900,1.7,330,0.7,True,2,82,8195,3517,22,9,13,2940,1388,5120,2499,6174,2948,5334,2572,3227,1574,1400,680,538,279,110,53,51.2345679,2,mid
81,83,npc_dota_hero_treant,Treant Protector,str,Melee,"['Support', 'Initiator', 'Durable', 'Disabler', 'Escape']",https://cdn.dota2.com/apps/dota2/images/heroes/treant_full.png?,https://cdn.dota2.com/apps/dota2/images/heroes/treant_icon.png,200,,75,0.5,-1.0,25,62,70,25,15,20,3.4,2.0,1.8,150,900,1.9,280,0.5,True,2,83,17745,8904,5,10,24,7926,4184,17194,8955,24139,12544,23209,11940,15027,7593,6825,3427,2694,1337,661,297,48.70342772,4,support
82,84,npc_dota_hero_ogre_magi,Ogre Magi,int,Melee,"['Support', 'Nuker', 'Disabler', 'Durable', 'Initiator']",https://cdn.dota2.com/apps/dota2/images/heroes/ogre_magi_full.png?,https://cdn.dota2.com/apps/dota2/images/heroes/ogre_magi_icon.png,200,3.25,75,0.0,5.0,25,37,43,23,14,15,3.5,1.5,2.5,150,900,1.7,290,0.6,True,2,84,106167,58874,22,66,108,24876,13433,53874,28870,73792,39382,72511,38427,45806,23993,20336,10459,7962,4064,1600,807,50.94122569,5,hard_support
83,85,npc_dota_hero_undying,Undying,str,Melee,"['Support', 'Durable', 'Disabler', 'Nuker']",https://cdn.dota2.com/apps/dota2/images/heroes/undying_full.png?,https://cdn.dota2.com/apps/dota2/images/heroes/undying_icon.png,200,,75,0.0,1.0,25,35,43,22,10,27,2.8,0.8,2.8,150,900,1.7,300,0.6,True,2,85,23777,12420,60,54,121,10470,5330,20418,10232,25545,12786,23217,11492,14286,6840,6488,3203,3173,1594,1192,588,49.98854525,4,support
84,86,npc_dota_hero_rubick,Rubick,int,Ranged,"['Support', 'Disabler', 'Nuker']",https://cdn.dota2.com/apps/dota2/images/heroes/rubick_full.png?,https://cdn.dota2.com/apps/dota2/images/heroes/rubick_icon.png,200,,75,0.0,0.0,25,24,30,21,23,25,2.0,2.5,3.1,550,1125,1.7,290,0.7,True,2,86,56848,25805,158,184,373,13483,6098,36442,16596,64145,29647,67730,31447,46626,21768,22122,10384,9424,4482,2995,1445,47.72525968,4,support
85,87,npc_dota_hero_disruptor,Disruptor,int,Ranged,"['Support', 'Disabler', 'Nuker', 'Initiator']",https://cdn.dota2.com/apps/dota2/images/heroes/disruptor_full.png?,https://cdn.dota2.com/apps/dota2/images/heroes/disruptor_icon.png,200,,75,0.0,0.0,25,29,33,21,15,20,2.4,1.4,2.9,625,1200,1.7,295,0.5,True,2,87,16466,7753,28,51,97,8203,4010,20832,10134,33089,16426,35876,17661,24934,12351,11524,5724,5160,2497,1530,760,48.68460389,5,hard_support
86,88,npc_dota_hero_nyx_assassin,Nyx Assassin,agi,Melee,"['Disabler', 'Nuker', 'Initiator', 'Escape']",https://cdn.dota2.com/apps/dota2/images/heroes/nyx_assassin_full.png?,https://cdn.dota2.com/apps/dota2/images/heroes/nyx_assassin_icon.png,200,2.5,75,0.0,1.0,25,27,31,18,19,21,2.5,2.5,2.1,150,900,1.7,315,0.5,True,6,88,31306,15984,725,135,256,8117,4172,20440,10649,33935,17578,39504,20720,30734,16218,15990,8410,7657,4045,2846,1540,53.17528325,3,offlane
87,89,npc_dota_hero_naga_siren,Naga Siren,agi,Melee,"['Carry', 'Support', 'Pusher', 'Disabler', 'Initiator', 'Escape']",https://cdn.dota2.com/apps/dota2/images/heroes/naga_siren_full.png?,https://cdn.dota2.com/apps/dota2/images/heroes/naga_siren_icon.png,200,1.5,75,0.0,3.0,25,23,25,22,21,21,2.8,3.5,2.0,150,900,1.7,330,0.5,True,0,89,9955,5230,51,12,23,4573,2441,7565,3866,8742,4444,7678,3916,4800,2456,2387,1233,1389,726,541,273,51.76165803,1,safelane
88,90,npc_dota_hero_keeper_of_the_light,Keeper of the Light,int,Ranged,"['Support', 'Nuker', 'Disabler', 'Jungler']",https://cdn.dota2.com/apps/dota2/images/heroes/keeper_of_the_light_full.png?,https://cdn.dota2.com/apps/dota2/images/heroes/keeper_of_the_light_icon.png,200,,75,0.0,-1.0,25,18,25,16,15,23,2.3,1.6,3.2,600,900,1.7,330,0.5,True,2,90,12818,5377,332,143,231,5983,2673,13026,5701,19072,8283,19549,8640,13316,5856,6373,2845,2825,1276,1266,605,45.97897824,5,hard_support
89,91,npc_dota_hero_wisp,Io,str,Ranged,"['Support', 'Escape', 'Nuker']",https://cdn.dota2.com/apps/dota2/images/heroes/wisp_full.png?,https://cdn.dota2.com/apps/dota2/images/heroes/wisp_icon.png,200,,75,0.0,1.0,25,28,34,17,14,23,3.0,1.6,1.7,500,1200,1.7,320,0.7,True,0,91,12953,5770,180,51,96,3142,1420,6514,3014,9619,4396,10285,4708,7783,3726,3932,1915,2040,996,927,494,50.21907651,5,hard_support
90,92,npc_dota_hero_visage,Visage,int,Ranged,"['Support', 'Nuker', 'Durable', 'Disabler', 'Pusher']",https://cdn.dota2.com/apps/dota2/images/heroes/visage_full.png?,https://cdn.dota2.com/apps/dota2/images/heroes/visage_icon.png,200,,75,0.0,-2.0,25,23,33,22,11,22,2.8,1.3,2.9,600,1400,1.7,285,0.5,True,2,92,5301,2478,18,6,16,1230,576,2238,1072,3314,1623,3680,1851,3182,1653,1751,902,1002,539,371,211,54.62490896,2,mid
91,93,npc_dota_hero_slark,Slark,agi,Melee,"['Carry', 'Escape', 'Disabler', 'Nuker']",https://cdn.dota2.com/apps/dota2/images/heroes/slark_full.png?,https://cdn.dota2.com/apps/dota2/images/heroes/slark_icon.png,200,1.75,75,0.0,0.0,25,32,40,21,21,16,1.9,1.7,1.7,150,0,1.7,300,0.7,True,2,93,48581,23956,140,36,78,20207,10039,44561,21737,63303,30786,62480,30142,39337,18870,17348,8194,6724,3217,1428,703,48.08635918,1,safelane
92,94,npc_dota_hero_medusa,Medusa,agi,Ranged,"['Carry', 'Disabler', 'Durable']",https://cdn.dota2.com/apps/dota2/images/heroes/medusa_full.png?,https://cdn.dota2.com/apps/dota2/images/heroes/medusa_icon.png,200,,75,0.0,-1.0,25,26,32,17,22,23,1.5,3.6,4.0,600,1200,1.7,275,0.5,True,0,94,23087,12223,229,60,126,13485,6854,25054,12435,28970,14081,23279,11168,12002,5703,4358,2024,1400,654,359,176,47.18590108,1,safelane
93,95,npc_dota_hero_troll_warlord,Troll Warlord,agi,Ranged,"['Carry', 'Pusher', 'Disabler', 'Durable']",https://cdn.dota2.com/apps/dota2/images/heroes/troll_warlord_full.png?,https://cdn.dota2.com/apps/dota2/images/heroes/troll_warlord_icon.png,200,0.25,75,0.0,-1.0,25,27,35,21,21,13,2.5,3.3,1.0,500,1200,1.7,290,0.5,True,2,95,36444,19837,546,122,240,15810,8477,26462,13933,32955,17280,32034,16650,22216,11364,11042,5744,5376,2711,2038,1074,51.05206366,1,safelane
94,96,npc_dota_hero_centaur,Centaur Warrunner,str,Melee,"['Durable', 'Initiator', 'Disabler', 'Nuker', 'Escape']",https://cdn.dota2.com/apps/dota2/images/heroes/centaur_full.png?,https://cdn.dota2.com/apps/dota2/images/heroes/centaur_icon.png,200,,75,0.0,0.0,25,36,38,27,15,15,4.6,1.0,1.6,150,900,1.7,300,0.5,True,4,96,16165,8619,29,18,36,6873,3515,15959,8165,22124,11251,20678,10512,12742,6409,5353,2624,2035,987,445,224,48.83064516,3,offlane
95,97,npc_dota_hero_magnataur,Magnus,str,Melee,"['Initiator', 'Disabler', 'Nuker', 'Escape']",https://cdn.dota2.com/apps/dota2/images/heroes/magnataur_full.png?,https://cdn.dota2.com/apps/dota2/images/heroes/magnataur_icon.png,200,0.5,75,0.0,1.0,25,32,40,25,15,19,3.5,2.5,1.7,150,900,1.8,305,0.8,True,4,97,12465,5433,29,14,23,3410,1505,10223,4534,18015,8034,20349,9106,13901,6374,6078,2726,2180,971,435,192,44.47418738,3,offlane
96,98,npc_dota_hero_shredder,Timbersaw,str,Melee,"['Nuker', 'Durable', 'Escape']",https://cdn.dota2.com/apps/dota2/images/heroes/shredder_full.png?,https://cdn.dota2.com/apps/dota2/images/heroes/shredder_icon.png,200,,75,0.5,-1.0,25,26,30,24,16,23,3.2,1.6,2.7,150,900,1.7,290,0.6,True,2,98,17953,8564,632,100,185,7593,3632,17022,8020,24659,11757,24924,11951,17129,8329,8805,4294,4573,2252,1847,889,48.92523364,3,offlane
97,99,npc_dota_hero_bristleback,Bristleback,str,Melee,"['Carry', 'Durable', 'Initiator', 'Nuker']",https://cdn.dota2.com/apps/dota2/images/heroes/bristleback_full.png?,https://cdn.dota2.com/apps/dota2/images/heroes/bristleback_icon.png,200,,75,0.0,1.0,25,30,36,22,17,14,2.9,1.8,2.8,150,900,1.8,290,1.0,True,2,99,54170,28948,87,45,82,23910,12412,47633,24222,60261,29890,51081,24957,28859,13706,11397,5439,4148,1885,833,386,45.59325437,3,offlane
98,100,npc_dota_hero_tusk,Tusk,str,Melee,"['Initiator', 'Disabler', 'Nuker']",https://cdn.dota2.com/apps/dota2/images/heroes/tusk_full.png?,https://cdn.dota2.com/apps/dota2/images/heroes/tusk_icon.png,200,1.0,75,0.0,1.0,25,27,31,23,23,18,3.9,2.1,1.7,150,900,1.7,315,0.7,True,2,100,23556,10991,104,125,245,6347,2903,16274,7625,25976,12469,27406,13233,19317,9598,9520,4751,4769,2366,1843,930,49.84875983,3,offlane
99,101,npc_dota_hero_skywrath_mage,Skywrath Mage,int,Ranged,"['Support', 'Nuker', 'Disabler']",https://cdn.dota2.com/apps/dota2/images/heroes/skywrath_mage_full.png?,https://cdn.dota2.com/apps/dota2/images/heroes/skywrath_mage_icon.png,200,,75,0.0,-2.0,25,14,24,21,13,25,2.0,0.8,4.1,625,1000,1.7,325,0.5,True,2,101,42685,21624,7,7,26,17101,8810,30713,15697,36270,18185,32192,16273,19617,9728,8795,4438,3848,1905,961,461,49.19941776,4,support
100,102,npc_dota_hero_abaddon,Abaddon,str,Melee,"['Support', 'Carry', 'Durable']",https://cdn.dota2.com/apps/dota2/images/heroes/abaddon_full.png?,https://cdn.dota2.com/apps/dota2/images/heroes/abaddon_icon.png,200,0.5,75,0.0,-1.0,25,28,38,23,23,18,3.0,1.5,2.0,150,900,1.7,325,0.5,True,2,102,16583,9007,77,61,118,6794,3558,14463,7877,19510,10443,18186,9668,11427,6013,4927,2571,2030,1052,542,279,51.7496112,4,support
101,103,npc_dota_hero_elder_titan,Elder Titan,str,Melee,"['Initiator', 'Disabler', 'Nuker', 'Durable']",https://cdn.dota2.com/apps/dota2/images/heroes/elder_titan_full.png?,https://cdn.dota2.com/apps/dota2/images/heroes/elder_titan_icon.png,200,,75,0.0,0.0,25,23,33,26,14,23,3.0,1.8,1.6,150,900,1.7,310,0.5,True,2,103,8422,3986,49,61,117,2134,1060,4456,2230,6250,3022,6325,3120,4212,2081,2019,1033,920,464,485,225,49.03914591,3,offlane
102,104,npc_dota_hero_legion_commander,Legion Commander,str,Melee,"['Carry', 'Disabler', 'Initiator', 'Durable', 'Nuker']",https://cdn.dota2.com/apps/dota2/images/heroes/legion_commander_full.png?,https://cdn.dota2.com/apps/dota2/images/heroes/legion_commander_icon.png,200,,75,0.0,0.0,25,35,39,25,18,20,3.3,1.7,2.2,150,900,1.7,330,0.5,True,2,104,50478,23809,127,44,94,22978,11439,47470,23663,64958,32015,62461,30471,38152,18584,16168,7882,6473,3167,1497,731,48.90840652,3,offlane
103,105,npc_dota_hero_techies,Techies,int,Ranged,"['Nuker', 'Disabler']",https://cdn.dota2.com/apps/dota2/images/heroes/techies_full.png?,https://cdn.dota2.com/apps/dota2/images/heroes/techies_icon.png,200,,75,1.0,5.0,25,9,11,19,14,25,2.5,1.3,3.3,700,900,1.7,310,0.5,True,6,105,28864,12863,32,12,18,14222,7285,28384,14305,36951,18438,33808,16686,20601,10256,8738,4289,3294,1656,867,419,49.86782024,3,offlane
104,106,npc_dota_hero_ember_spirit,Ember Spirit,agi,Melee,"['Carry', 'Escape', 'Nuker', 'Disabler', 'Initiator']",https://cdn.dota2.com/apps/dota2/images/heroes/ember_spirit_full.png?,https://cdn.dota2.com/apps/dota2/images/heroes/ember_spirit_icon.png,200,0.5,75,0.0,-1.0,25,33,37,21,22,20,2.6,2.6,2.2,150,900,1.7,305,0.5,True,2,106,23144,10347,223,85,188,6368,2837,16873,7592,29497,13564,33831,15848,24479,11548,12201,5745,5504,2656,2021,990,48.45182724,2,mid
105,107,npc_dota_hero_earth_spirit,Earth Spirit,str,Melee,"['Nuker', 'Escape', 'Disabler', 'Initiator', 'Durable']",https://cdn.dota2.com/apps/dota2/images/heroes/earth_spirit_full.png?,https://cdn.dota2.com/apps/dota2/images/heroes/earth_spirit_icon.png,200,,75,0.0,0.0,25,25,35,22,17,20,4.4,2.4,2.1,150,900,1.7,290,0.6,True,2,107,15406,6934,200,149,319,3709,1760,10044,4688,18601,8868,22907,10988,18016,8802,9693,4823,4987,2537,2219,1138,50.99916736,3,offlane
106,108,npc_dota_hero_abyssal_underlord,Underlord,str,Melee,"['Support', 'Nuker', 'Disabler', 'Durable', 'Escape']",https://cdn.dota2.com/apps/dota2/images/heroes/abyssal_underlord_full.png?,https://cdn.dota2.com/apps/dota2/images/heroes/abyssal_underlord_icon.png,200,,75,0.0,3.0,25,37,43,25,12,17,3.0,1.6,2.3,175,900,1.7,295,0.6,True,2,108,13956,7658,173,51,105,6761,3698,17101,9411,28088,15538,31257,17204,21920,11844,10340,5517,4486,2361,954,485,52.31617647,4,support
107,109,npc_dota_hero_terrorblade,Terrorblade,agi,Melee,"['Carry', 'Pusher', 'Nuker']",https://cdn.dota2.com/apps/dota2/images/heroes/terrorblade_full.png?,https://cdn.dota2.com/apps/dota2/images/heroes/terrorblade_icon.png,200,,75,0.0,7.0,25,26,32,15,22,19,1.7,4.8,1.6,150,900,1.5,315,0.5,True,2,109,12318,5977,172,43,84,4555,2064,8788,4064,11894,5438,12303,5633,8859,4202,4928,2322,2657,1304,1223,558,47.98969072,1,safelane
108,110,npc_dota_hero_phoenix,Phoenix,str,Ranged,"['Support', 'Nuker', 'Initiator', 'Escape', 'Disabler']",https://cdn.dota2.com/apps/dota2/images/heroes/phoenix_full.png?,https://cdn.dota2.com/apps/dota2/images/heroes/phoenix_icon.png,200,1.0,75,0.0,-1.0,25,26,36,23,12,16,3.5,1.3,1.8,525,1100,1.7,280,1.0,True,2,110,15946,7949,220,132,272,4301,2073,12159,5990,21183,10463,24815,12294,19161,9560,10493,5151,5437,2733,1917,978,50.46233342,4,support
109,111,npc_dota_hero_oracle,Oracle,int,Ranged,"['Support', 'Nuker', 'Disabler', 'Escape']",https://cdn.dota2.com/apps/dota2/images/heroes/oracle_full.png?,https://cdn.dota2.com/apps/dota2/images/heroes/oracle_icon.png,200,,75,0.5,0.0,25,13,19,20,15,26,2.4,1.7,4.0,620,900,1.7,295,0.7,True,2,111,12255,5717,323,172,306,3144,1409,8442,3897,16259,7788,20791,9999,17272,8586,9900,5007,5351,2718,2060,1095,51.45054648,5,hard_support
110,112,npc_dota_hero_winter_wyvern,Winter Wyvern,int,Ranged,"['Support', 'Disabler', 'Nuker']",https://cdn.dota2.com/apps/dota2/images/heroes/winter_wyvern_full.png?,https://cdn.dota2.com/apps/dota2/images/heroes/winter_wyvern_icon.png,200,,75,0.0,-1.0,25,14,21,24,16,26,2.6,1.9,3.6,425,700,1.7,285,0.5,True,2,112,14458,6993,24,22,54,5192,2520,11502,5621,16578,8226,16695,8270,12166,6120,6223,3097,3189,1586,1029,530,50.16595543,5,hard_support
111,113,npc_dota_hero_arc_warden,Arc Warden,agi,Ranged,"['Carry', 'Escape', 'Nuker']",https://cdn.dota2.com/apps/dota2/images/heroes/arc_warden_full.png?,https://cdn.dota2.com/apps/dota2/images/heroes/arc_warden_icon.png,200,0.25,75,0.0,-1.0,25,31,41,25,16,24,2.8,2.5,2.6,625,900,1.7,285,0.7,True,2,113,13796,7072,75,18,41,3865,1882,9272,4819,14289,7531,16075,8548,12047,6366,6225,3274,2559,1314,568,279,50.94339623,2,mid
112,114,npc_dota_hero_monkey_king,Monkey King,agi,Melee,"['Carry', 'Escape', 'Disabler', 'Initiator']",https://cdn.dota2.com/apps/dota2/images/heroes/monkey_king_full.png?,https://cdn.dota2.com/apps/dota2/images/heroes/monkey_king_icon.png,200,1.5,75,0.0,2.0,25,29,35,19,22,20,2.8,3.7,1.8,300,900,1.7,305,0.6,True,2,114,44925,22254,588,157,275,21456,10574,43428,21987,62746,32119,64732,33240,43432,22397,20689,10650,9139,4736,2580,1312,51.60849902,1,safelane
113,119,npc_dota_hero_dark_willow,Dark Willow,int,Ranged,"['Support', 'Nuker', 'Disabler', 'Escape']",https://cdn.dota2.com/apps/dota2/images/heroes/dark_willow_full.png?,https://cdn.dota2.com/apps/dota2/images/heroes/dark_willow_icon.png,200,,75,0.0,-1.0,25,27,35,20,18,21,2.0,1.6,3.5,475,1200,1.5,290,0.7,True,2,119,24036,11652,33,47,97,7662,3760,15556,7926,23114,11489,24279,12425,17164,8739,8275,4199,4082,2069,1535,800,51.07708741,4,support
114,120,npc_dota_hero_pangolier,Pangolier,agi,Melee,"['Carry', 'Nuker', 'Disabler', 'Durable', 'Escape', 'Initiator']",https://cdn.dota2.com/apps/dota2/images/heroes/pangolier_full.png?,https://cdn.dota2.com/apps/dota2/images/heroes/pangolier_icon.png,200,0.25,75,0.0,1.0,25,33,39,17,18,16,2.5,3.2,1.9,150,900,1.7,305,1.0,True,2,120,16904,7781,203,138,264,3996,1816,10346,4762,18867,8949,24592,11941,21106,10371,12044,5970,6522,3247,2833,1457,50.28327098,3,offlane
115,121,npc_dota_hero_grimstroke,Grimstroke,int,Ranged,"['Support', 'Nuker', 'Disabler', 'Escape']",https://cdn.dota2.com/apps/dota2/images/heroes/grimstroke_full.png?,https://cdn.dota2.com/apps/dota2/images/heroes/grimstroke_icon.png,200,,75,0.0,0.0,25,21,25,21,18,25,2.4,1.9,3.8,600,900,1.7,290,0.6,True,2,121,17704,8319,133,151,330,8258,3965,20300,9836,33905,16553,37922,18306,27629,13142,13809,6571,6162,2900,2168,981,46.59063625,5,hard_support
116,123,npc_dota_hero_hoodwink,Hoodwink,agi,Ranged,"['Nuker', 'Escape', 'Disabler']",https://cdn.dota2.com/apps/dota2/images/heroes/hoodwink_full.png?,https://cdn.dota2.com/apps/dota2/images/heroes/hoodwink_icon.png,200,0.25,75,0.0,0.0,25,22,29,17,28,21,1.8,3.6,2.9,575,1800,2.0,320,1.0,False,2,123,46089,22119,0,1,1,11606,5480,25941,12807,42041,20878,50128,25185,36994,18550,18797,9341,7843,3979,1755,895,50.78141279,3,offlane
117,126,npc_dota_hero_void_spirit,Void Spirit,int,Melee,"['Carry', 'Escape', 'Nuker', 'Disabler']",https://cdn.dota2.com/apps/dota2/images/heroes/void_spirit_full.png?,https://cdn.dota2.com/apps/dota2/images/heroes/void_spirit_icon.png,200,,75,0.6,-1.0,25,32,36,22,19,24,2.6,2.2,3.1,200,900,1.7,295,0.7,True,2,126,22365,10534,465,236,451,6442,3032,15169,7308,25832,12747,31877,16188,25907,13107,14740,7377,7791,3931,3307,1687,50.62173365,2,mid
118,128,npc_dota_hero_snapfire,Snapfire,str,Ranged,"['Support', 'Nuker', 'Disabler', 'Escape']",https://cdn.dota2.com/apps/dota2/images/heroes/snapfire_full.png?,https://cdn.dota2.com/apps/dota2/images/heroes/snapfire_icon.png,200,,75,0.0,0.0,25,26,32,20,16,18,3.3,1.9,2.2,500,1800,1.6,300,0.5,True,2,128,21518,9820,12,22,52,5815,2646,13992,6551,23219,10862,25715,12063,17821,8298,8173,3735,3421,1593,787,356,46.31653992,4,support
119,129,npc_dota_hero_mars,Mars,str,Melee,"['Carry', 'Initiator', 'Disabler', 'Durable']",https://cdn.dota2.com/apps/dota2/images/heroes/mars_full.png?,https://cdn.dota2.com/apps/dota2/images/heroes/mars_icon.png,200,,75,0.5,-1.0,25,29,37,23,20,21,3.4,1.9,1.6,250,900,1.8,310,0.8,True,2,129,20674,9918,481,205,417,8188,3964,21116,9904,36785,17611,44696,21372,35172,17006,18876,9120,8630,4167,3043,1408,47.75978754,3,offlane
